family,partition,strategy,seed,power_config,run_dir,selected_round,n_images,balanced_accuracy
rounds_1_3,iid,FedAvg,42,maxn,results\pc_maxn\rev_iid_fedavg_r10_seed42,2,7245,0.9316270592123157
rounds_1_3,iid,FedAvg,42,heterogeneous,results\rev_iid_fedavg_seed42,2,7245,0.9162245800176835
rounds_1_3,iid,FedAvg,123,maxn,results\pc_maxn\rev_iid_fedavg_r10_seed123,3,7245,0.8959631688693013
rounds_1_3,iid,FedAvg,123,heterogeneous,results\rev_iid_fedavg_seed123,3,7245,0.9588993455947796
rounds_1_3,iid,FedAvg,456,maxn,results\pc_maxn\rev_iid_fedavg_r10_seed456,3,7245,0.9090406719717065
rounds_1_3,iid,FedAvg,456,heterogeneous,results\rev_iid_fedavg_seed456,2,7245,0.8296861184792219
rounds_1_3,iid,FedAvg,789,maxn,results\pc_maxn\rev_iid_fedavg_r10_seed789,3,7245,0.8947833775419982
rounds_1_3,iid,FedAvg,789,heterogeneous,results\rev_iid_fedavg_seed789,2,7245,0.905393457117595
rounds_1_3,iid,FedAvg,1011,maxn,results\pc_maxn\rev_iid_fedavg_r10_seed1011,3,7245,0.8100132625994695
rounds_1_3,iid,FedAvg,1011,heterogeneous,results\rev_iid_fedavg_seed1011,3,7245,0.7096595932802829
rounds_1_3,iid,FedProx(0.01),42,maxn,results\pc_maxn\rev_iid_fedprox_0.01_r10_seed42,2,7245,0.9513521904979153
rounds_1_3,iid,FedProx(0.01),42,heterogeneous,results\rev_iid_fedprox_0.01_seed42,3,7245,0.9574558620104756
rounds_1_3,iid,FedProx(0.01),123,maxn,results\pc_maxn\rev_iid_fedprox_0.01_r10_seed123,3,7245,0.9019269518832307
rounds_1_3,iid,FedProx(0.01),123,heterogeneous,results\rev_iid_fedprox_0.01_seed123,3,7245,0.906755054751481
rounds_1_3,iid,FedProx(0.01),456,maxn,results\pc_maxn\rev_iid_fedprox_0.01_r10_seed456,2,7245,0.9288433024603804
rounds_1_3,iid,FedProx(0.01),456,heterogeneous,results\rev_iid_fedprox_0.01_seed456,3,7245,0.9222441722061537
rounds_1_3,iid,FedProx(0.01),789,maxn,results\pc_maxn\rev_iid_fedprox_0.01_r10_seed789,3,7245,0.9460257043897693
rounds_1_3,iid,FedProx(0.01),789,heterogeneous,results\rev_iid_fedprox_0.01_seed789,3,7245,0.9242411170803368
rounds_1_3,iid,FedProx(0.01),1011,maxn,results\pc_maxn\rev_iid_fedprox_0.01_r10_seed1011,3,7245,0.9517900122536476
rounds_1_3,iid,FedProx(0.01),1011,heterogeneous,results\rev_iid_fedprox_0.01_seed1011,2,7245,0.936193541343144
rounds_1_3,non_iid_label,FedAvg,42,maxn,results\pc_maxn\rev_noniid_fedavg_r10_seed42,3,7198,0.9507541274711442
rounds_1_3,non_iid_label,FedAvg,42,heterogeneous,results\rev_noniid_fedavg_seed42,3,7198,0.956282654671498
rounds_1_3,non_iid_label,FedAvg,123,maxn,results\pc_maxn\rev_noniid_fedavg_r10_seed123,3,7198,0.9019582225148732
rounds_1_3,non_iid_label,FedAvg,123,heterogeneous,results\rev_noniid_fedavg_seed123,2,7198,0.9245489085414671
rounds_1_3,non_iid_label,FedAvg,456,maxn,results\pc_maxn\rev_noniid_fedavg_r10_seed456,3,7198,0.9009211071731029
rounds_1_3,non_iid_label,FedAvg,456,heterogeneous,results\rev_noniid_fedavg_seed456,2,7198,0.9131601425087381
rounds_1_3,non_iid_label,FedAvg,789,maxn,results\pc_maxn\rev_noniid_fedavg_r10_seed789,3,7198,0.9871619995649901
rounds_1_3,non_iid_label,FedAvg,789,heterogeneous,results\rev_noniid_fedavg_seed789,2,7198,0.8765269973932457
rounds_1_3,non_iid_label,FedAvg,1011,maxn,results\pc_maxn\rev_noniid_fedavg_r10_seed1011,3,7198,0.9818090795440196
rounds_1_3,non_iid_label,FedAvg,1011,heterogeneous,results\rev_noniid_fedavg_seed1011,3,7198,0.9496484220310735
rounds_1_3,non_iid_label,FedProx(0.01),42,maxn,results\pc_maxn\rev_noniid_fedprox_0.01_r10_seed42,2,7198,0.9467735878868895
rounds_1_3,non_iid_label,FedProx(0.01),42,heterogeneous,results\rev_noniid_fedprox_0.01_seed42,3,7198,0.9232220620133822
rounds_1_3,non_iid_label,FedProx(0.01),123,maxn,results\pc_maxn\rev_noniid_fedprox_0.01_r10_seed123,3,7198,0.9707673959364251
rounds_1_3,non_iid_label,FedProx(0.01),123,heterogeneous,results\rev_noniid_fedprox_0.01_seed123,3,7198,0.9731236724097239
rounds_1_3,non_iid_label,FedProx(0.01),456,maxn,results\pc_maxn\rev_noniid_fedprox_0.01_r10_seed456,2,7198,0.9713391729124976
rounds_1_3,non_iid_label,FedProx(0.01),456,heterogeneous,results\rev_noniid_fedprox_0.01_seed456,2,7198,0.9728682362725596
rounds_1_3,non_iid_label,FedProx(0.01),789,maxn,results\pc_maxn\rev_noniid_fedprox_0.01_r10_seed789,2,7198,0.973344813497738
rounds_1_3,non_iid_label,FedProx(0.01),789,heterogeneous,results\rev_noniid_fedprox_0.01_seed789,3,7198,0.9625851756799013
rounds_1_3,non_iid_label,FedProx(0.01),1011,maxn,results\pc_maxn\rev_noniid_fedprox_0.01_r10_seed1011,3,7198,0.9643844674995323
rounds_1_3,non_iid_label,FedProx(0.01),1011,heterogeneous,results\rev_noniid_fedprox_0.01_seed1011,3,7198,0.9582729244636254
ten_rounds,non_iid_label,FedAvg,42,maxn,results\pc_maxn\rev_noniid_fedavg_r10_seed42,4,7198,0.9772833726362861
ten_rounds,non_iid_label,FedAvg,42,heterogeneous,results\rev_noniid_fedavg_r10_seed42,5,7198,0.9902964017799709
ten_rounds,non_iid_label,FedAvg,123,maxn,results\pc_maxn\rev_noniid_fedavg_r10_seed123,8,7198,0.9827776047874897
ten_rounds,non_iid_label,FedAvg,123,heterogeneous,results\rev_noniid_fedavg_r10_seed123,8,7198,0.9789419307963922
ten_rounds,non_iid_label,FedAvg,456,maxn,results\pc_maxn\rev_noniid_fedavg_r10_seed456,3,7198,0.9009211071731029
ten_rounds,non_iid_label,FedAvg,456,heterogeneous,results\rev_noniid_fedavg_r10_seed456,9,7198,0.9347213985901182
ten_rounds,non_iid_label,FedBN,42,maxn,results\pc_maxn\rev_noniid_fedbn_r10_seed42,6,7198,0.9380385149103304
ten_rounds,non_iid_label,FedBN,42,heterogeneous,results\rev_noniid_fedbn_r10_seed42,8,7198,0.9328594666566179
ten_rounds,non_iid_label,FedBN,123,maxn,results\pc_maxn\rev_noniid_fedbn_r10_seed123,10,7198,0.9495337195534339
ten_rounds,non_iid_label,FedBN,123,heterogeneous,results\rev_noniid_fedbn_r10_seed123,9,7198,0.9636063417578502
ten_rounds,non_iid_label,FedBN,456,maxn,results\pc_maxn\rev_noniid_fedbn_r10_seed456,10,7198,0.962032322959866
ten_rounds,non_iid_label,FedBN,456,heterogeneous,results\rev_noniid_fedbn_r10_seed456,7,7198,0.9301460258401213
