family,partition,strategy,power_config,rounds,n_seeds,n_rounds_counted,straggler_node_a,straggler_node_b,straggler_node_c,median_fit_wall_s_node_a,median_fit_wall_s_node_b,median_fit_wall_s_node_c
rounds_1_3,iid,FedAvg,heterogeneous,1,5,5,0,0,5,917.1626210460017,903.6970956160076,1353.4915480630007
rounds_1_3,iid,FedAvg,heterogeneous,2-3,5,10,0,0,10,909.6060431640035,903.0455019870024,1346.287313409499
rounds_1_3,iid,FedAvg,maxn,1,5,5,0,4,1,865.7083872149997,913.4843054890007,906.6759355920003
rounds_1_3,iid,FedAvg,maxn,2-3,5,10,0,6,4,854.1820501775001,905.7384396984999,873.4270182174987
rounds_1_3,iid,FedAvg,maxn,2-10,5,45,0,27,18,852.0350747909997,904.2079173220045,875.5978144010005
rounds_1_3,iid,FedProx(0.01),heterogeneous,1,5,5,0,0,5,1548.9543379079987,1498.7297980110015,2093.4829622170073
rounds_1_3,iid,FedProx(0.01),heterogeneous,2-3,5,10,0,0,10,1537.4780424754936,1502.1565976920028,2090.2030556885074
rounds_1_3,iid,FedProx(0.01),maxn,1,5,5,0,5,0,1406.6466008439893,1481.6056868499873,1432.6859418509994
rounds_1_3,iid,FedProx(0.01),maxn,2-3,5,10,0,10,0,1402.7380367180012,1473.3584274125024,1422.7582756245029
rounds_1_3,iid,FedProx(0.01),maxn,2-10,5,45,0,45,0,1402.2738880910038,1473.541009182998,1423.8658500760066
rounds_1_3,non_iid_label,FedAvg,heterogeneous,1,5,5,0,0,5,920.1296865470067,898.5808389659942,1348.020873788002
rounds_1_3,non_iid_label,FedAvg,heterogeneous,2-3,5,10,0,0,10,919.2145728820033,891.6166583529994,1342.9513302939959
rounds_1_3,non_iid_label,FedAvg,maxn,1,5,5,0,1,4,874.094091287996,874.7020164819987,898.5343341639964
rounds_1_3,non_iid_label,FedAvg,maxn,2-3,5,10,0,0,10,866.1775664984998,874.2353795259987,893.383673337501
rounds_1_3,non_iid_label,FedAvg,maxn,2-10,5,45,0,0,45,866.5701249739941,874.6474077899984,893.5791400859962
rounds_1_3,non_iid_label,FedProx(0.01),heterogeneous,1,5,5,0,0,5,1571.057494684006,1466.5699364900065,2087.7936228369945
rounds_1_3,non_iid_label,FedProx(0.01),heterogeneous,2-3,5,10,0,0,10,1551.9690091359953,1454.5598012425035,2081.1069776310032
rounds_1_3,non_iid_label,FedProx(0.01),maxn,1,5,5,0,5,0,1425.9047343359853,1482.2799920830003,1454.669407517009
rounds_1_3,non_iid_label,FedProx(0.01),maxn,2-3,5,10,0,10,0,1421.0477671019999,1477.1440790255,1441.034333005
rounds_1_3,non_iid_label,FedProx(0.01),maxn,2-10,5,45,0,44,1,1420.5905140229988,1475.661794936983,1440.6745263340017
ten_rounds,non_iid_label,FedAvg,heterogeneous,1,3,3,0,0,3,921.8456909129745,896.9559742730344,1343.832825813035
ten_rounds,non_iid_label,FedAvg,heterogeneous,2-10,3,27,0,0,27,917.8903678260394,890.3498429289903,1342.7333260430023
ten_rounds,non_iid_label,FedAvg,maxn,1,3,3,0,1,2,874.094091287996,874.6150423400031,896.3446837880001
ten_rounds,non_iid_label,FedAvg,maxn,2-10,3,27,0,0,27,868.0383847419944,873.5960708780003,893.0470936639977
ten_rounds,non_iid_label,FedBN,heterogeneous,1,3,3,0,0,3,927.0265118800453,896.6588994999765,1338.9588915519998
ten_rounds,non_iid_label,FedBN,heterogeneous,2-10,3,27,0,0,27,918.1613893989706,893.1313653860125,1334.8030667399871
ten_rounds,non_iid_label,FedBN,maxn,1,3,3,0,3,0,864.7265740509902,892.8259076230024,857.3874846690014
ten_rounds,non_iid_label,FedBN,maxn,2-10,3,27,0,27,0,856.1715289980057,894.3264156240039,856.310042889003
