family,partition,strategy,quantity,seed,power_config,run_dir,rounds,value_s
rounds_1_3,iid,FedAvg,primary,42,maxn,results\pc_maxn\rev_iid_fedavg_r10_seed42,2-3,921.069
rounds_1_3,iid,FedAvg,primary,42,heterogeneous,results\rev_iid_fedavg_seed42,2-3,1360.085
rounds_1_3,iid,FedAvg,primary,123,maxn,results\pc_maxn\rev_iid_fedavg_r10_seed123,2-3,927.0405000000001
rounds_1_3,iid,FedAvg,primary,123,heterogeneous,results\rev_iid_fedavg_seed123,2-3,1369.4675
rounds_1_3,iid,FedAvg,primary,456,maxn,results\pc_maxn\rev_iid_fedavg_r10_seed456,2-3,924.212
rounds_1_3,iid,FedAvg,primary,456,heterogeneous,results\rev_iid_fedavg_seed456,2-3,1367.162
rounds_1_3,iid,FedAvg,primary,789,maxn,results\pc_maxn\rev_iid_fedavg_r10_seed789,2-3,910.5775000000001
rounds_1_3,iid,FedAvg,primary,789,heterogeneous,results\rev_iid_fedavg_seed789,2-3,1370.8595
rounds_1_3,iid,FedAvg,primary,1011,maxn,results\pc_maxn\rev_iid_fedavg_r10_seed1011,2-3,918.2685
rounds_1_3,iid,FedAvg,primary,1011,heterogeneous,results\rev_iid_fedavg_seed1011,2-3,1373.254
rounds_1_3,iid,FedAvg,secondary,42,maxn,results\pc_maxn\rev_iid_fedavg_r10_seed42,2-10,919.389
rounds_1_3,iid,FedAvg,secondary,42,heterogeneous,results\rev_iid_fedavg_seed42,2-3,1360.085
rounds_1_3,iid,FedAvg,secondary,123,maxn,results\pc_maxn\rev_iid_fedavg_r10_seed123,2-10,927.43
rounds_1_3,iid,FedAvg,secondary,123,heterogeneous,results\rev_iid_fedavg_seed123,2-3,1369.4675
rounds_1_3,iid,FedAvg,secondary,456,maxn,results\pc_maxn\rev_iid_fedavg_r10_seed456,2-10,923.756
rounds_1_3,iid,FedAvg,secondary,456,heterogeneous,results\rev_iid_fedavg_seed456,2-3,1367.162
rounds_1_3,iid,FedAvg,secondary,789,maxn,results\pc_maxn\rev_iid_fedavg_r10_seed789,2-10,908.815
rounds_1_3,iid,FedAvg,secondary,789,heterogeneous,results\rev_iid_fedavg_seed789,2-3,1370.8595
rounds_1_3,iid,FedAvg,secondary,1011,maxn,results\pc_maxn\rev_iid_fedavg_r10_seed1011,2-10,916.828
rounds_1_3,iid,FedAvg,secondary,1011,heterogeneous,results\rev_iid_fedavg_seed1011,2-3,1373.254
rounds_1_3,iid,FedAvg,round1,42,maxn,results\pc_maxn\rev_iid_fedavg_r10_seed42,1,1046.26
rounds_1_3,iid,FedAvg,round1,42,heterogeneous,results\rev_iid_fedavg_seed42,1,1425.096
rounds_1_3,iid,FedAvg,round1,123,maxn,results\pc_maxn\rev_iid_fedavg_r10_seed123,1,936.784
rounds_1_3,iid,FedAvg,round1,123,heterogeneous,results\rev_iid_fedavg_seed123,1,1386.128
rounds_1_3,iid,FedAvg,round1,456,maxn,results\pc_maxn\rev_iid_fedavg_r10_seed456,1,937.493
rounds_1_3,iid,FedAvg,round1,456,heterogeneous,results\rev_iid_fedavg_seed456,1,1380.313
rounds_1_3,iid,FedAvg,round1,789,maxn,results\pc_maxn\rev_iid_fedavg_r10_seed789,1,1056.901
rounds_1_3,iid,FedAvg,round1,789,heterogeneous,results\rev_iid_fedavg_seed789,1,1384.2
rounds_1_3,iid,FedAvg,round1,1011,maxn,results\pc_maxn\rev_iid_fedavg_r10_seed1011,1,932.113
rounds_1_3,iid,FedAvg,round1,1011,heterogeneous,results\rev_iid_fedavg_seed1011,1,1385.443
rounds_1_3,iid,FedProx(0.01),primary,42,maxn,results\pc_maxn\rev_iid_fedprox_0.01_r10_seed42,2-3,1487.094
rounds_1_3,iid,FedProx(0.01),primary,42,heterogeneous,results\rev_iid_fedprox_0.01_seed42,2-3,2120.873
rounds_1_3,iid,FedProx(0.01),primary,123,maxn,results\pc_maxn\rev_iid_fedprox_0.01_r10_seed123,2-3,1457.1895
rounds_1_3,iid,FedProx(0.01),primary,123,heterogeneous,results\rev_iid_fedprox_0.01_seed123,2-3,2113.3725000000004
rounds_1_3,iid,FedProx(0.01),primary,456,maxn,results\pc_maxn\rev_iid_fedprox_0.01_r10_seed456,2-3,1490.6495
rounds_1_3,iid,FedProx(0.01),primary,456,heterogeneous,results\rev_iid_fedprox_0.01_seed456,2-3,2109.254
rounds_1_3,iid,FedProx(0.01),primary,789,maxn,results\pc_maxn\rev_iid_fedprox_0.01_r10_seed789,2-3,1492.279
rounds_1_3,iid,FedProx(0.01),primary,789,heterogeneous,results\rev_iid_fedprox_0.01_seed789,2-3,2107.0935
rounds_1_3,iid,FedProx(0.01),primary,1011,maxn,results\pc_maxn\rev_iid_fedprox_0.01_r10_seed1011,2-3,1511.5285
rounds_1_3,iid,FedProx(0.01),primary,1011,heterogeneous,results\rev_iid_fedprox_0.01_seed1011,2-3,2139.3215
rounds_1_3,iid,FedProx(0.01),secondary,42,maxn,results\pc_maxn\rev_iid_fedprox_0.01_r10_seed42,2-10,1486.655
rounds_1_3,iid,FedProx(0.01),secondary,42,heterogeneous,results\rev_iid_fedprox_0.01_seed42,2-3,2120.873
rounds_1_3,iid,FedProx(0.01),secondary,123,maxn,results\pc_maxn\rev_iid_fedprox_0.01_r10_seed123,2-10,1455.846
rounds_1_3,iid,FedProx(0.01),secondary,123,heterogeneous,results\rev_iid_fedprox_0.01_seed123,2-3,2113.3725000000004
rounds_1_3,iid,FedProx(0.01),secondary,456,maxn,results\pc_maxn\rev_iid_fedprox_0.01_r10_seed456,2-10,1487.527
rounds_1_3,iid,FedProx(0.01),secondary,456,heterogeneous,results\rev_iid_fedprox_0.01_seed456,2-3,2109.254
rounds_1_3,iid,FedProx(0.01),secondary,789,maxn,results\pc_maxn\rev_iid_fedprox_0.01_r10_seed789,2-10,1493.959
rounds_1_3,iid,FedProx(0.01),secondary,789,heterogeneous,results\rev_iid_fedprox_0.01_seed789,2-3,2107.0935
rounds_1_3,iid,FedProx(0.01),secondary,1011,maxn,results\pc_maxn\rev_iid_fedprox_0.01_r10_seed1011,2-10,1512.842
rounds_1_3,iid,FedProx(0.01),secondary,1011,heterogeneous,results\rev_iid_fedprox_0.01_seed1011,2-3,2139.3215
rounds_1_3,iid,FedProx(0.01),round1,42,maxn,results\pc_maxn\rev_iid_fedprox_0.01_r10_seed42,1,1505.034
rounds_1_3,iid,FedProx(0.01),round1,42,heterogeneous,results\rev_iid_fedprox_0.01_seed42,1,2135.124
rounds_1_3,iid,FedProx(0.01),round1,123,maxn,results\pc_maxn\rev_iid_fedprox_0.01_r10_seed123,1,1482.175
rounds_1_3,iid,FedProx(0.01),round1,123,heterogeneous,results\rev_iid_fedprox_0.01_seed123,1,2124.594
rounds_1_3,iid,FedProx(0.01),round1,456,maxn,results\pc_maxn\rev_iid_fedprox_0.01_r10_seed456,1,1506.534
rounds_1_3,iid,FedProx(0.01),round1,456,heterogeneous,results\rev_iid_fedprox_0.01_seed456,1,2123.461
rounds_1_3,iid,FedProx(0.01),round1,789,maxn,results\pc_maxn\rev_iid_fedprox_0.01_r10_seed789,1,1517.454
rounds_1_3,iid,FedProx(0.01),round1,789,heterogeneous,results\rev_iid_fedprox_0.01_seed789,1,2120.473
rounds_1_3,iid,FedProx(0.01),round1,1011,maxn,results\pc_maxn\rev_iid_fedprox_0.01_r10_seed1011,1,1543.55
rounds_1_3,iid,FedProx(0.01),round1,1011,heterogeneous,results\rev_iid_fedprox_0.01_seed1011,1,2159.972
rounds_1_3,non_iid_label,FedAvg,primary,42,maxn,results\pc_maxn\rev_noniid_fedavg_r10_seed42,2-3,913.2919999999999
rounds_1_3,non_iid_label,FedAvg,primary,42,heterogeneous,results\rev_noniid_fedavg_seed42,2-3,1353.8944999999999
rounds_1_3,non_iid_label,FedAvg,primary,123,maxn,results\pc_maxn\rev_noniid_fedavg_r10_seed123,2-3,906.1685
rounds_1_3,non_iid_label,FedAvg,primary,123,heterogeneous,results\rev_noniid_fedavg_seed123,2-3,1365.7245
rounds_1_3,non_iid_label,FedAvg,primary,456,maxn,results\pc_maxn\rev_noniid_fedavg_r10_seed456,2-3,908.7135000000001
rounds_1_3,non_iid_label,FedAvg,primary,456,heterogeneous,results\rev_noniid_fedavg_seed456,2-3,1366.26
rounds_1_3,non_iid_label,FedAvg,primary,789,maxn,results\pc_maxn\rev_noniid_fedavg_r10_seed789,2-3,908.097
rounds_1_3,non_iid_label,FedAvg,primary,789,heterogeneous,results\rev_noniid_fedavg_seed789,2-3,1367.984
rounds_1_3,non_iid_label,FedAvg,primary,1011,maxn,results\pc_maxn\rev_noniid_fedavg_r10_seed1011,2-3,911.6
rounds_1_3,non_iid_label,FedAvg,primary,1011,heterogeneous,results\rev_noniid_fedavg_seed1011,2-3,1365.9195
rounds_1_3,non_iid_label,FedAvg,secondary,42,maxn,results\pc_maxn\rev_noniid_fedavg_r10_seed42,2-10,912.203
rounds_1_3,non_iid_label,FedAvg,secondary,42,heterogeneous,results\rev_noniid_fedavg_seed42,2-3,1353.8944999999999
rounds_1_3,non_iid_label,FedAvg,secondary,123,maxn,results\pc_maxn\rev_noniid_fedavg_r10_seed123,2-10,908.357
rounds_1_3,non_iid_label,FedAvg,secondary,123,heterogeneous,results\rev_noniid_fedavg_seed123,2-3,1365.7245
rounds_1_3,non_iid_label,FedAvg,secondary,456,maxn,results\pc_maxn\rev_noniid_fedavg_r10_seed456,2-10,908.193
rounds_1_3,non_iid_label,FedAvg,secondary,456,heterogeneous,results\rev_noniid_fedavg_seed456,2-3,1366.26
rounds_1_3,non_iid_label,FedAvg,secondary,789,maxn,results\pc_maxn\rev_noniid_fedavg_r10_seed789,2-10,911.132
rounds_1_3,non_iid_label,FedAvg,secondary,789,heterogeneous,results\rev_noniid_fedavg_seed789,2-3,1367.984
rounds_1_3,non_iid_label,FedAvg,secondary,1011,maxn,results\pc_maxn\rev_noniid_fedavg_r10_seed1011,2-10,911.422
rounds_1_3,non_iid_label,FedAvg,secondary,1011,heterogeneous,results\rev_noniid_fedavg_seed1011,2-3,1365.9195
rounds_1_3,non_iid_label,FedAvg,round1,42,maxn,results\pc_maxn\rev_noniid_fedavg_r10_seed42,1,1029.386
rounds_1_3,non_iid_label,FedAvg,round1,42,heterogeneous,results\rev_noniid_fedavg_seed42,1,1399.55
rounds_1_3,non_iid_label,FedAvg,round1,123,maxn,results\pc_maxn\rev_noniid_fedavg_r10_seed123,1,920.433
rounds_1_3,non_iid_label,FedAvg,round1,123,heterogeneous,results\rev_noniid_fedavg_seed123,1,1378.77
rounds_1_3,non_iid_label,FedAvg,round1,456,maxn,results\pc_maxn\rev_noniid_fedavg_r10_seed456,1,916.583
rounds_1_3,non_iid_label,FedAvg,round1,456,heterogeneous,results\rev_noniid_fedavg_seed456,1,1378.475
rounds_1_3,non_iid_label,FedAvg,round1,789,maxn,results\pc_maxn\rev_noniid_fedavg_r10_seed789,1,930.518
rounds_1_3,non_iid_label,FedAvg,round1,789,heterogeneous,results\rev_noniid_fedavg_seed789,1,1375.017
rounds_1_3,non_iid_label,FedAvg,round1,1011,maxn,results\pc_maxn\rev_noniid_fedavg_r10_seed1011,1,924.222
rounds_1_3,non_iid_label,FedAvg,round1,1011,heterogeneous,results\rev_noniid_fedavg_seed1011,1,1379.258
rounds_1_3,non_iid_label,FedProx(0.01),primary,42,maxn,results\pc_maxn\rev_noniid_fedprox_0.01_r10_seed42,2-3,1496.8200000000002
rounds_1_3,non_iid_label,FedProx(0.01),primary,42,heterogeneous,results\rev_noniid_fedprox_0.01_seed42,2-3,2116.38
rounds_1_3,non_iid_label,FedProx(0.01),primary,123,maxn,results\pc_maxn\rev_noniid_fedprox_0.01_r10_seed123,2-3,1490.8995
rounds_1_3,non_iid_label,FedProx(0.01),primary,123,heterogeneous,results\rev_noniid_fedprox_0.01_seed123,2-3,2122.1945
rounds_1_3,non_iid_label,FedProx(0.01),primary,456,maxn,results\pc_maxn\rev_noniid_fedprox_0.01_r10_seed456,2-3,1518.748
rounds_1_3,non_iid_label,FedProx(0.01),primary,456,heterogeneous,results\rev_noniid_fedprox_0.01_seed456,2-3,2103.7445
rounds_1_3,non_iid_label,FedProx(0.01),primary,789,maxn,results\pc_maxn\rev_noniid_fedprox_0.01_r10_seed789,2-3,1493.7759999999998
rounds_1_3,non_iid_label,FedProx(0.01),primary,789,heterogeneous,results\rev_noniid_fedprox_0.01_seed789,2-3,2100.5725
rounds_1_3,non_iid_label,FedProx(0.01),primary,1011,maxn,results\pc_maxn\rev_noniid_fedprox_0.01_r10_seed1011,2-3,1477.601
rounds_1_3,non_iid_label,FedProx(0.01),primary,1011,heterogeneous,results\rev_noniid_fedprox_0.01_seed1011,2-3,2100.256
rounds_1_3,non_iid_label,FedProx(0.01),secondary,42,maxn,results\pc_maxn\rev_noniid_fedprox_0.01_r10_seed42,2-10,1492.714
rounds_1_3,non_iid_label,FedProx(0.01),secondary,42,heterogeneous,results\rev_noniid_fedprox_0.01_seed42,2-3,2116.38
rounds_1_3,non_iid_label,FedProx(0.01),secondary,123,maxn,results\pc_maxn\rev_noniid_fedprox_0.01_r10_seed123,2-10,1486.223
rounds_1_3,non_iid_label,FedProx(0.01),secondary,123,heterogeneous,results\rev_noniid_fedprox_0.01_seed123,2-3,2122.1945
rounds_1_3,non_iid_label,FedProx(0.01),secondary,456,maxn,results\pc_maxn\rev_noniid_fedprox_0.01_r10_seed456,2-10,1515.239
rounds_1_3,non_iid_label,FedProx(0.01),secondary,456,heterogeneous,results\rev_noniid_fedprox_0.01_seed456,2-3,2103.7445
rounds_1_3,non_iid_label,FedProx(0.01),secondary,789,maxn,results\pc_maxn\rev_noniid_fedprox_0.01_r10_seed789,2-10,1491.879
rounds_1_3,non_iid_label,FedProx(0.01),secondary,789,heterogeneous,results\rev_noniid_fedprox_0.01_seed789,2-3,2100.5725
rounds_1_3,non_iid_label,FedProx(0.01),secondary,1011,maxn,results\pc_maxn\rev_noniid_fedprox_0.01_r10_seed1011,2-10,1482.476
rounds_1_3,non_iid_label,FedProx(0.01),secondary,1011,heterogeneous,results\rev_noniid_fedprox_0.01_seed1011,2-3,2100.256
rounds_1_3,non_iid_label,FedProx(0.01),round1,42,maxn,results\pc_maxn\rev_noniid_fedprox_0.01_r10_seed42,1,1506.275
rounds_1_3,non_iid_label,FedProx(0.01),round1,42,heterogeneous,results\rev_noniid_fedprox_0.01_seed42,1,2129.402
rounds_1_3,non_iid_label,FedProx(0.01),round1,123,maxn,results\pc_maxn\rev_noniid_fedprox_0.01_r10_seed123,1,1494.116
rounds_1_3,non_iid_label,FedProx(0.01),round1,123,heterogeneous,results\rev_noniid_fedprox_0.01_seed123,1,2134.214
rounds_1_3,non_iid_label,FedProx(0.01),round1,456,maxn,results\pc_maxn\rev_noniid_fedprox_0.01_r10_seed456,1,1521.207
rounds_1_3,non_iid_label,FedProx(0.01),round1,456,heterogeneous,results\rev_noniid_fedprox_0.01_seed456,1,2119.351
rounds_1_3,non_iid_label,FedProx(0.01),round1,789,maxn,results\pc_maxn\rev_noniid_fedprox_0.01_r10_seed789,1,1621.012
rounds_1_3,non_iid_label,FedProx(0.01),round1,789,heterogeneous,results\rev_noniid_fedprox_0.01_seed789,1,2111.147
rounds_1_3,non_iid_label,FedProx(0.01),round1,1011,maxn,results\pc_maxn\rev_noniid_fedprox_0.01_r10_seed1011,1,1503.089
rounds_1_3,non_iid_label,FedProx(0.01),round1,1011,heterogeneous,results\rev_noniid_fedprox_0.01_seed1011,1,2112.258
ten_rounds,non_iid_label,FedAvg,steady,42,maxn,results\pc_maxn\rev_noniid_fedavg_r10_seed42,2-10,912.203
ten_rounds,non_iid_label,FedAvg,steady,42,heterogeneous,results\rev_noniid_fedavg_r10_seed42,2-10,1366.185
ten_rounds,non_iid_label,FedAvg,steady,123,maxn,results\pc_maxn\rev_noniid_fedavg_r10_seed123,2-10,908.357
ten_rounds,non_iid_label,FedAvg,steady,123,heterogeneous,results\rev_noniid_fedavg_r10_seed123,2-10,1362.796
ten_rounds,non_iid_label,FedAvg,steady,456,maxn,results\pc_maxn\rev_noniid_fedavg_r10_seed456,2-10,908.193
ten_rounds,non_iid_label,FedAvg,steady,456,heterogeneous,results\rev_noniid_fedavg_r10_seed456,2-10,1365.817
ten_rounds,non_iid_label,FedAvg,round1,42,maxn,results\pc_maxn\rev_noniid_fedavg_r10_seed42,1,1029.386
ten_rounds,non_iid_label,FedAvg,round1,42,heterogeneous,results\rev_noniid_fedavg_r10_seed42,1,1376.174
ten_rounds,non_iid_label,FedAvg,round1,123,maxn,results\pc_maxn\rev_noniid_fedavg_r10_seed123,1,920.433
ten_rounds,non_iid_label,FedAvg,round1,123,heterogeneous,results\rev_noniid_fedavg_r10_seed123,1,1370.978
ten_rounds,non_iid_label,FedAvg,round1,456,maxn,results\pc_maxn\rev_noniid_fedavg_r10_seed456,1,916.583
ten_rounds,non_iid_label,FedAvg,round1,456,heterogeneous,results\rev_noniid_fedavg_r10_seed456,1,1374.142
ten_rounds,non_iid_label,FedBN,steady,42,maxn,results\pc_maxn\rev_noniid_fedbn_r10_seed42,2-10,910.611
ten_rounds,non_iid_label,FedBN,steady,42,heterogeneous,results\rev_noniid_fedbn_r10_seed42,2-10,1354.112
ten_rounds,non_iid_label,FedBN,steady,123,maxn,results\pc_maxn\rev_noniid_fedbn_r10_seed123,2-10,906.796
ten_rounds,non_iid_label,FedBN,steady,123,heterogeneous,results\rev_noniid_fedbn_r10_seed123,2-10,1363.841
ten_rounds,non_iid_label,FedBN,steady,456,maxn,results\pc_maxn\rev_noniid_fedbn_r10_seed456,2-10,914.061
ten_rounds,non_iid_label,FedBN,steady,456,heterogeneous,results\rev_noniid_fedbn_r10_seed456,2-10,1357.508
ten_rounds,non_iid_label,FedBN,round1,42,maxn,results\pc_maxn\rev_noniid_fedbn_r10_seed42,1,916.044
ten_rounds,non_iid_label,FedBN,round1,42,heterogeneous,results\rev_noniid_fedbn_r10_seed42,1,1369.434
ten_rounds,non_iid_label,FedBN,round1,123,maxn,results\pc_maxn\rev_noniid_fedbn_r10_seed123,1,916.465
ten_rounds,non_iid_label,FedBN,round1,123,heterogeneous,results\rev_noniid_fedbn_r10_seed123,1,1374.434
ten_rounds,non_iid_label,FedBN,round1,456,maxn,results\pc_maxn\rev_noniid_fedbn_r10_seed456,1,920.721
ten_rounds,non_iid_label,FedBN,round1,456,heterogeneous,results\rev_noniid_fedbn_r10_seed456,1,1368.023
