family,partition,strategy,quantity,maxn_rounds,heterogeneous_rounds,paired_seeds,per_seed_ratios,note,ratio,ci_low,ci_high,n_pairs,max_distinct_resamples,B
rounds_1_3,iid,FedAvg,primary,2-3,2-3,42 123 456 789 1011,0.6772 0.6769 0.6760 0.6642 0.6687,,0.6725947915847803,0.6677030607516424,0.6768611100422403,5,126,10000
rounds_1_3,iid,FedAvg,secondary,2-10,2-3,42 123 456 789 1011,0.6760 0.6772 0.6757 0.6630 0.6676,,0.6718679095640515,0.6666933212318846,0.6764139001510941,5,126,10000
rounds_1_3,iid,FedAvg,round1,1,1,42 123 456 789 1011,0.7342 0.6758 0.6792 0.7635 0.6728,,0.7041537396757992,0.6752809577814411,0.7393117424536094,5,126,10000
rounds_1_3,iid,FedProx(0.01),primary,2-3,2-3,42 123 456 789 1011,0.7012 0.6895 0.7067 0.7082 0.7065,,0.7023981842965338,0.6955397972312353,0.707282980783574,5,126,10000
rounds_1_3,iid,FedProx(0.01),secondary,2-10,2-3,42 123 456 789 1011,0.7010 0.6889 0.7052 0.7090 0.7072,,0.7022126625813446,0.695270354842919,0.7075158128224283,5,126,10000
rounds_1_3,iid,FedProx(0.01),round1,1,1,42 123 456 789 1011,0.7049 0.6976 0.7095 0.7156 0.7146,,0.7084143530382172,0.7023409313657424,0.7139849823179799,5,126,10000
rounds_1_3,non_iid_label,FedAvg,primary,2-3,2-3,42 123 456 789 1011,0.6746 0.6635 0.6651 0.6638 0.6674,,0.6668665752874262,0.6639533383224928,0.6709032754037532,5,126,10000
rounds_1_3,non_iid_label,FedAvg,secondary,2-10,2-3,42 123 456 789 1011,0.6738 0.6651 0.6647 0.6660 0.6673,,0.6673719114461211,0.6651435159296775,0.6707204950412546,5,126,10000
rounds_1_3,non_iid_label,FedAvg,round1,1,1,42 123 456 789 1011,0.7355 0.6676 0.6649 0.6767 0.6701,,0.6824677285628495,0.6670147871078326,0.7089111812216492,5,126,10000
rounds_1_3,non_iid_label,FedProx(0.01),primary,2-3,2-3,42 123 456 789 1011,0.7073 0.7025 0.7219 0.7111 0.7035,,0.7092395026057141,0.7038732108308016,0.7160214071237978,5,126,10000
rounds_1_3,non_iid_label,FedProx(0.01),secondary,2-10,2-3,42 123 456 789 1011,0.7053 0.7003 0.7203 0.7102 0.7059,,0.7083636251815006,0.7033134708386778,0.7143552308829635,5,126,10000
rounds_1_3,non_iid_label,FedProx(0.01),round1,1,1,42 123 456 789 1011,0.7074 0.7001 0.7178 0.7678 0.7116,,0.7205378102498957,0.705040749060198,0.7448275744401885,5,126,10000
ten_rounds,non_iid_label,FedAvg,steady,2-10,2-10,42 123 456,0.6677 0.6665 0.6649,,0.666394052347651,0.6649448645023455,0.6677009336217277,3,10,10000
ten_rounds,non_iid_label,FedAvg,round1,1,1,42 123 456,0.7480 0.6714 0.6670,,0.6944946898403214,0.6670220399347374,0.7480057027672373,3,10,10000
ten_rounds,non_iid_label,FedBN,steady,2-10,2-10,42 123 456,0.6725 0.6649 0.6733,,0.6702224642647264,0.6648839564142742,0.673337468361144,3,10,10000
ten_rounds,non_iid_label,FedBN,round1,1,1,42 123 456,0.6689 0.6668 0.6730,,0.6695771491207496,0.6667944768537449,0.6730303510978982,3,10,10000
