protocol,power_config,distribution,metric,n_strategies,strategies,n_seeds,seeds,chi_square,p_value,pg_chi_square,pg_p_value,note
group,heterogeneous,dirichlet_0.1,accuracy,4,"Centralized,FedAvg,FedProx(mu=0.01),Local-only",3,"42,123,456",7.400000000000006,0.06018432387173455,,,
group,heterogeneous,dirichlet_0.5,accuracy,4,"Centralized,FedAvg,FedProx(mu=0.01),Local-only",3,"42,123,456",6.600000000000001,0.08580108740012288,,,
group,heterogeneous,dirichlet_1,accuracy,4,"Centralized,FedAvg,FedProx(mu=0.01),Local-only",3,"42,123,456",8.200000000000003,0.04205418289496618,,,
group,heterogeneous,iid,accuracy,4,"Centralized,FedAvg,FedProx(mu=0.01),Local-only",5,"42,123,456,789,1011",8.280000000000001,0.040565878061982176,,,
group,heterogeneous,iid_sub0.01,accuracy,4,"Centralized,FedAvg,FedProx(mu=0.01),Local-only",3,"42,123,456",8.200000000000003,0.04205418289496618,,,
group,heterogeneous,iid_sub0.05,accuracy,4,"Centralized,FedAvg,FedProx(mu=0.01),Local-only",3,"42,123,456",7.0,0.07189777249646509,,,
group,heterogeneous,non_iid_label,accuracy,16,"Centralized,FedAvg,FedAvg (E=1),FedAvg (E=2),FedAvg (R=10),FedAvg (lr=0.0001),FedBN (R=10),FedProx(mu=0.001),FedProx(mu=0.01),FedProx(mu=0.01) (E=1),FedProx(mu=0.01) (E=2),FedProx(mu=0.01) (lr=0.0001),FedProx(mu=0.05),FedProx(mu=0.1),FedProx(mu=0.5),Local-only",3,"42,123,456",20.85294117647058,0.14159406981489933,,,
group,heterogeneous,non_iid_label_sub0.01,accuracy,4,"Centralized,FedAvg,FedProx(mu=0.01),Local-only",3,"42,123,456",3.4000000000000057,0.33396524909015995,,,
group,heterogeneous,non_iid_label_sub0.05,accuracy,4,"Centralized,FedAvg,FedProx(mu=0.01),Local-only",3,"42,123,456",4.200000000000003,0.24066188520961498,,,
image,unrecorded,iid,accuracy,6,"Centralized,FedAvg,FedBN,FedProx(mu=0.01),FedProx(mu=0.1),Local-only",2,"123,456",10.0,0.07523524614651217,,,
image,unrecorded,non_iid_label,accuracy,6,"Centralized,FedAvg,FedBN,FedProx(mu=0.01),FedProx(mu=0.1),Local-only",2,"123,456",8.285714285714285,0.14117646267526998,,,
