partition,node,n_train,fire,fire_frac_train,n_test,fire_frac_test,jsd,jsd_unweighted,tv,size_share,jsd_max,size_ratio,order_agrees
iid,node_a,11139,7036,0.6317,2519,0.5987,2e-05,,0.00498,0.3307,,,
iid,node_b,11346,7036,0.6201,2326,0.6483,3e-05,,0.00654,0.3369,,,
iid,node_c,11196,7035,0.6283,2400,0.6283,0.0,,0.00168,0.3324,,,
iid,ALL,33681,,0.6267,7245,,2e-05,2e-05,0.00441,0.3369,3e-05,1.02,False
non_iid_label,node_a,11197,8957,0.7999,2400,0.8,0.02631,,0.17158,0.3333,,,
non_iid_label,node_b,11201,9913,0.885,2398,0.8849,0.06715,,0.25664,0.3334,,,
non_iid_label,node_c,11197,2240,0.2001,2400,0.2,0.14168,,0.42831,0.3333,,,
non_iid_label,ALL,33595,,0.6284,7198,,0.07838,0.07838,0.28551,0.3334,0.14168,1.0,False
dirichlet_0.1,node_a,11971,1016,0.0849,2647,0.113,0.25198,,0.54057,0.3559,,,
dirichlet_0.1,node_b,14199,13549,0.9542,2959,0.9814,0.13066,,0.32878,0.4222,,,
dirichlet_0.1,node_c,7462,6470,0.8671,1598,0.868,0.05739,,0.24161,0.2219,,,
dirichlet_0.1,ALL,33632,,0.6254,7204,,0.15759,0.14668,0.38482,0.4222,0.25198,1.9,False
dirichlet_0.5,node_a,3706,3595,0.97,795,0.9698,0.1505,,0.34171,0.1103,,,
dirichlet_0.5,node_b,29249,16889,0.5774,6269,0.5774,0.00195,,0.05091,0.8707,,,
dirichlet_0.5,node_c,637,623,0.978,137,0.9781,0.16335,,0.34969,0.019,,,
dirichlet_0.5,ALL,33592,,0.6283,7201,,0.0214,0.10527,0.08866,0.8707,0.16335,45.92,False
dirichlet_1,node_a,11168,2065,0.1849,2394,0.185,0.15338,,0.44344,0.3325,,,
dirichlet_1,node_b,14939,13248,0.8868,3202,0.8866,0.06834,,0.25846,0.4447,,,
dirichlet_1,node_c,7486,5795,0.7741,1605,0.7738,0.01843,,0.14577,0.2228,,,
dirichlet_1,ALL,33593,,0.6283,7201,,0.08549,0.08005,0.29484,0.4447,0.15338,2.0,False
iid_sub0.05,node_a,557,352,0.632,2519,0.5987,2e-05,,0.00525,0.3306,,,
iid_sub0.05,node_b,568,352,0.6197,2326,0.6483,4e-05,,0.00699,0.3371,,,
iid_sub0.05,node_c,560,352,0.6286,2400,0.6283,0.0,,0.00187,0.3323,,,
iid_sub0.05,ALL,1685,,0.6267,7245,,2e-05,2e-05,0.00471,0.3371,4e-05,1.02,False
iid_sub0.01,node_a,111,70,0.6306,2519,0.5987,2e-05,,0.00563,0.3304,,,
iid_sub0.01,node_b,113,70,0.6195,2326,0.6483,2e-05,,0.00553,0.3363,,,
iid_sub0.01,node_c,112,70,0.625,2400,0.6283,0.0,,0.0,0.3333,,,
iid_sub0.01,ALL,336,,0.625,7245,,1e-05,1e-05,0.00372,0.3363,2e-05,1.02,False
non_iid_label_sub0.05,node_a,560,448,0.8,2400,0.8,0.02628,,0.17143,0.3333,,,
non_iid_label_sub0.05,node_b,560,496,0.8857,2398,0.8849,0.06752,,0.25714,0.3333,,,
non_iid_label_sub0.05,node_c,560,112,0.2,2400,0.2,0.14185,,0.42857,0.3333,,,
non_iid_label_sub0.05,ALL,1680,,0.6286,7198,,0.07855,0.07855,0.28571,0.3333,0.14185,1.0,False
non_iid_label_sub0.01,node_a,112,90,0.8036,2400,0.8,0.02768,,0.1756,0.3333,,,
non_iid_label_sub0.01,node_b,112,99,0.8839,2398,0.8849,0.06662,,0.25595,0.3333,,,
non_iid_label_sub0.01,node_c,112,22,0.1964,2400,0.2,0.14417,,0.43155,0.3333,,,
non_iid_label_sub0.01,ALL,336,,0.628,7198,,0.07949,0.07949,0.2877,0.3333,0.14417,1.0,False
dirichlet_0.1_sub0.05,node_a,599,51,0.0851,2647,0.113,0.25163,,0.5403,0.3561,,,
dirichlet_0.1_sub0.05,node_b,709,677,0.9549,2959,0.9814,0.13145,,0.32942,0.4215,,,
dirichlet_0.1_sub0.05,node_c,374,324,0.8663,1598,0.868,0.05696,,0.24086,0.2224,,,
dirichlet_0.1_sub0.05,ALL,1682,,0.6254,7204,,0.15769,0.14668,0.38483,0.4215,0.25163,1.9,False
dirichlet_0.1_sub0.01,node_a,120,10,0.0833,2647,0.113,0.25361,,0.54167,0.3571,,,
dirichlet_0.1_sub0.01,node_b,141,135,0.9574,2959,0.9814,0.13498,,0.33245,0.4196,,,
dirichlet_0.1_sub0.01,node_c,75,65,0.8667,1598,0.868,0.05734,,0.24167,0.2232,,,
dirichlet_0.1_sub0.01,ALL,336,,0.625,7204,,0.16002,0.14864,0.38691,0.4196,0.25361,1.88,False
dirichlet_0.5_sub0.05,node_a,186,180,0.9677,795,0.9698,0.14729,,0.33977,0.1107,,,
dirichlet_0.5_sub0.05,node_b,1462,844,0.5773,6269,0.5774,0.00194,,0.05068,0.8702,,,
dirichlet_0.5_sub0.05,node_c,32,31,0.9688,137,0.9781,0.14877,,0.34077,0.019,,,
dirichlet_0.5_sub0.05,ALL,1680,,0.628,7201,,0.02083,0.09933,0.08821,0.8702,0.14877,45.69,False
dirichlet_0.5_sub0.01,node_a,37,36,0.973,795,0.9698,0.15641,,0.34686,0.1098,,,
dirichlet_0.5_sub0.01,node_b,293,169,0.5768,6269,0.5774,0.00183,,0.04932,0.8694,,,
dirichlet_0.5_sub0.01,node_c,7,6,0.8571,137,0.9781,0.05164,,0.23103,0.0208,,,
dirichlet_0.5_sub0.01,ALL,337,,0.6261,7201,,0.01984,0.06996,0.08576,0.8694,0.15641,41.86,False
dirichlet_1_sub0.05,node_a,558,103,0.1846,2394,0.185,0.15339,,0.44339,0.3321,,,
dirichlet_1_sub0.05,node_b,747,662,0.8862,3202,0.8866,0.06811,,0.25824,0.4446,,,
dirichlet_1_sub0.05,node_c,375,290,0.7733,1605,0.7738,0.0183,,0.14536,0.2232,,,
dirichlet_1_sub0.05,ALL,1680,,0.628,7201,,0.08532,0.07993,0.29454,0.4446,0.15339,1.99,False
dirichlet_1_sub0.01,node_a,112,21,0.1875,2394,0.185,0.15108,,0.44048,0.3333,,,
dirichlet_1_sub0.01,node_b,149,132,0.8859,3202,0.8866,0.06791,,0.25793,0.4435,,,
dirichlet_1_sub0.01,node_c,75,58,0.7733,1605,0.7738,0.0183,,0.14536,0.2232,,,
dirichlet_1_sub0.01,ALL,336,,0.628,7201,,0.08456,0.0791,0.29365,0.4435,0.15108,1.99,False
